{"initial_reset_timestamp": 23818.053503942, "timestamps": [23818.741905859, 23818.900040221, 23819.171272646, 23819.375735087, 23819.565160782, 23820.225364882, 23820.370039879, 23820.635887822, 23820.847877966, 23821.051890511, 23821.750942439, 23821.917197698, 23822.181887742, 23822.396652844, 23822.600883961, 23823.285338879, 23823.436705254, 23823.716869184, 23823.931604996, 23824.133536542, 23824.830443672, 23824.987764929, 23825.277218658, 23825.485422725, 23825.688570607, 23826.368700594, 23826.518415511, 23826.797988, 23827.039066877, 23827.261227878, 23827.985346609, 23828.144750963, 23828.429893452, 23828.642510945, 23828.837622867, 23829.516518055, 23829.667886906, 23829.930919094, 23830.145862691, 23830.343036971, 23831.03510143, 23831.186702908, 23831.474687514, 23831.69015338, 23831.900127447, 23832.604576852, 23832.749624121, 23833.008895887, 23833.217506939, 23833.413515461], "episode_lengths": [545, 120, 211, 166, 158, 545, 120, 211, 166, 158, 545, 120, 211, 166, 158, 545, 120, 211, 166, 158, 545, 120, 211, 166, 158, 545, 120, 211, 166, 158, 545, 120, 211, 166, 158, 545, 120, 211, 166, 158, 545, 120, 211, 166, 158, 545, 120, 211, 166, 158], "episode_rewards": [16.0, 3.0, 6.0, 5.0, 4.0, 16.0, 3.0, 6.0, 5.0, 4.0, 16.0, 3.0, 6.0, 5.0, 4.0, 16.0, 3.0, 6.0, 5.0, 4.0, 16.0, 3.0, 6.0, 5.0, 4.0, 16.0, 3.0, 6.0, 5.0, 4.0, 16.0, 3.0, 6.0, 5.0, 4.0, 16.0, 3.0, 6.0, 5.0, 4.0, 16.0, 3.0, 6.0, 5.0, 4.0, 16.0, 3.0, 6.0, 5.0, 4.0], "episode_types": ["t", "t", "t", "t", "t", "t", "t", "t", "t", "t", "t", "t", "t", "t", "t", "t", "t", "t", "t", "t", "t", "t", "t", "t", "t", "t", "t", "t", "t", "t", "t", "t", "t", "t", "t", "t", "t", "t", "t", "t", "t", "t", "t", "t", "t", "t", "t", "t", "t", "t"]}